               epoch,      train/box_loss,      train/obj_loss,      train/cls_loss,   metrics/precision,      metrics/recall,     metrics/mAP_0.5,metrics/mAP_0.5:0.95,        val/box_loss,        val/obj_loss,        val/cls_loss,               x/lr0,               x/lr1,               x/lr2
                   0,            0.092449,            0.045775,                   0,             0.46775,             0.40237,             0.40213,             0.18073,             0.06482,            0.026544,                   0,             0.07075,             0.00325,             0.00325
                   1,            0.065204,             0.04083,                   0,             0.56704,             0.57396,             0.55456,             0.32315,            0.063257,            0.016892,                   0,            0.040728,           0.0065616,           0.0065616
                   2,            0.059945,            0.034436,                   0,             0.80192,             0.57396,             0.70984,             0.33301,            0.059129,            0.017266,                   0,            0.010685,           0.0098512,           0.0098512
                   3,            0.054019,            0.030274,                   0,             0.45273,             0.71006,             0.49421,             0.29669,            0.050985,            0.014914,                   0,            0.009901,            0.009901,            0.009901
                   4,            0.047423,            0.028798,                   0,             0.69039,              0.7574,             0.69614,              0.4013,            0.050306,            0.013491,                   0,            0.009901,            0.009901,            0.009901
                   5,            0.044731,            0.029169,                   0,             0.75401,             0.81617,             0.74874,             0.51602,            0.041986,            0.013583,                   0,            0.009868,            0.009868,            0.009868
                   6,            0.042768,              0.0284,                   0,             0.83502,              0.8086,             0.80367,             0.53764,            0.043004,             0.01285,                   0,            0.009835,            0.009835,            0.009835
                   7,            0.039881,            0.026474,                   0,             0.83014,             0.78077,             0.77141,              0.5673,            0.042828,            0.014016,                   0,            0.009802,            0.009802,            0.009802
                   8,            0.038478,            0.026934,                   0,             0.78104,             0.80204,             0.78572,             0.53938,            0.042356,            0.013399,                   0,            0.009769,            0.009769,            0.009769
                   9,            0.038424,            0.024831,                   0,             0.80714,             0.78698,             0.79263,             0.51316,            0.042549,            0.014468,                   0,            0.009736,            0.009736,            0.009736
                  10,            0.037508,            0.025704,                   0,             0.81337,             0.82521,             0.80307,             0.56865,            0.040739,            0.013563,                   0,            0.009703,            0.009703,            0.009703
                  11,            0.036728,            0.026057,                   0,             0.79266,             0.76911,             0.79973,              0.5988,            0.038315,            0.013831,                   0,             0.00967,             0.00967,             0.00967
                  12,            0.035684,            0.025294,                   0,             0.81336,             0.81065,             0.80392,             0.61215,            0.037077,            0.013526,                   0,            0.009637,            0.009637,            0.009637
                  13,            0.034976,            0.025263,                   0,             0.83718,             0.71598,             0.76029,             0.56701,            0.037933,            0.015302,                   0,            0.009604,            0.009604,            0.009604
                  14,            0.033513,            0.024812,                   0,             0.81331,             0.79882,             0.79377,             0.59326,            0.037007,            0.013769,                   0,            0.009571,            0.009571,            0.009571
                  15,            0.033202,            0.023815,                   0,             0.81922,             0.79882,             0.80823,             0.60385,            0.038235,            0.013963,                   0,            0.009538,            0.009538,            0.009538
                  16,              0.0332,            0.023173,                   0,             0.86513,             0.77515,             0.80311,             0.61307,             0.03774,            0.014051,                   0,            0.009505,            0.009505,            0.009505
                  17,            0.032321,            0.022617,                   0,             0.85823,             0.72781,              0.7833,             0.60101,            0.037328,             0.01504,                   0,            0.009472,            0.009472,            0.009472
                  18,            0.032958,            0.022684,                   0,             0.82206,             0.82249,             0.80901,             0.60402,            0.040193,            0.014655,                   0,            0.009439,            0.009439,            0.009439
                  19,            0.031317,            0.023223,                   0,             0.82396,             0.69238,             0.74117,             0.57377,            0.037602,            0.017262,                   0,            0.009406,            0.009406,            0.009406
                  20,            0.030655,            0.023583,                   0,             0.89029,              0.7203,             0.77722,             0.59363,            0.035907,            0.015533,                   0,            0.009373,            0.009373,            0.009373
                  21,            0.030296,             0.02255,                   0,             0.84582,             0.81151,              0.8247,             0.63554,            0.036943,            0.013602,                   0,             0.00934,             0.00934,             0.00934
                  22,            0.029775,            0.022014,                   0,             0.88777,             0.70414,             0.78177,             0.58625,            0.037536,            0.016033,                   0,            0.009307,            0.009307,            0.009307
                  23,            0.029819,            0.021876,                   0,             0.82368,             0.76331,             0.79938,             0.61359,            0.035136,             0.01477,                   0,            0.009274,            0.009274,            0.009274
                  24,            0.030652,            0.020664,                   0,             0.81655,             0.81646,             0.81842,             0.62929,            0.035775,            0.014912,                   0,            0.009241,            0.009241,            0.009241
                  25,             0.02953,            0.021629,                   0,             0.83593,             0.78387,             0.81331,             0.62341,            0.035545,            0.013446,                   0,            0.009208,            0.009208,            0.009208
                  26,            0.030701,            0.020529,                   0,             0.83048,             0.72189,             0.76114,             0.58648,            0.036685,            0.016309,                   0,            0.009175,            0.009175,            0.009175
                  27,            0.030126,            0.021113,                   0,             0.83972,             0.75148,             0.79073,              0.6173,            0.037158,            0.015332,                   0,            0.009142,            0.009142,            0.009142
                  28,            0.029649,            0.020789,                   0,             0.84768,              0.7574,             0.81017,             0.64034,            0.035441,            0.014384,                   0,            0.009109,            0.009109,            0.009109
                  29,            0.028368,            0.021025,                   0,             0.86912,             0.72781,             0.80191,             0.60773,            0.036006,            0.015568,                   0,            0.009076,            0.009076,            0.009076
                  30,            0.028627,            0.021538,                   0,             0.85482,             0.74556,              0.8039,              0.6309,            0.035659,            0.014911,                   0,            0.009043,            0.009043,            0.009043
                  31,            0.027554,            0.019489,                   0,             0.82687,             0.73477,             0.78777,              0.6027,            0.036585,            0.016026,                   0,             0.00901,             0.00901,             0.00901
                  32,            0.028203,            0.020298,                   0,              0.7995,             0.80223,             0.77891,             0.61596,            0.034821,            0.015166,                   0,            0.008977,            0.008977,            0.008977
                  33,             0.02857,            0.019443,                   0,             0.82607,             0.73373,             0.76859,             0.60039,            0.035279,            0.016126,                   0,            0.008944,            0.008944,            0.008944
                  34,            0.028651,            0.020058,                   0,             0.85817,             0.73373,             0.78062,             0.60569,            0.034325,            0.016607,                   0,            0.008911,            0.008911,            0.008911
                  35,            0.028063,            0.019749,                   0,             0.81401,             0.72189,              0.7848,             0.61857,            0.033042,            0.015743,                   0,            0.008878,            0.008878,            0.008878
                  36,            0.027855,            0.019584,                   0,             0.87225,             0.70414,             0.76346,             0.59221,            0.036409,            0.015915,                   0,            0.008845,            0.008845,            0.008845
                  37,            0.027181,            0.019191,                   0,             0.81101,             0.68557,             0.75288,             0.59319,            0.036401,             0.01818,                   0,            0.008812,            0.008812,            0.008812
                  38,            0.026764,            0.019418,                   0,             0.82307,             0.77077,             0.83109,             0.63635,            0.034294,            0.014239,                   0,            0.008779,            0.008779,            0.008779
                  39,            0.026577,              0.0187,                   0,             0.85799,             0.71498,             0.80553,             0.62745,            0.034674,            0.015253,                   0,            0.008746,            0.008746,            0.008746
                  40,            0.025522,            0.019636,                   0,             0.81274,             0.74479,             0.78677,             0.62493,            0.034534,            0.015921,                   0,            0.008713,            0.008713,            0.008713
                  41,            0.025922,            0.018961,                   0,              0.8611,             0.71598,             0.76041,             0.61294,            0.035621,              0.0152,                   0,             0.00868,             0.00868,             0.00868
                  42,            0.025989,            0.018182,                   0,              0.8302,             0.76923,             0.79493,              0.6435,            0.033776,            0.014699,                   0,            0.008647,            0.008647,            0.008647
                  43,            0.026318,            0.018375,                   0,             0.87828,             0.70414,             0.78912,             0.62858,             0.03548,            0.015569,                   0,            0.008614,            0.008614,            0.008614
                  44,            0.025448,            0.018248,                   0,              0.8301,             0.73964,             0.79012,             0.62065,            0.034114,            0.015581,                   0,            0.008581,            0.008581,            0.008581
                  45,            0.026044,            0.018986,                   0,             0.83952,             0.83579,             0.83207,             0.67547,            0.033827,            0.013399,                   0,            0.008548,            0.008548,            0.008548
                  46,            0.025644,            0.018159,                   0,             0.88513,             0.68639,             0.74862,             0.61318,            0.035135,            0.017516,                   0,            0.008515,            0.008515,            0.008515
                  47,             0.02463,            0.018239,                   0,             0.84896,             0.79825,             0.81214,              0.6536,            0.036453,            0.014486,                   0,            0.008482,            0.008482,            0.008482
                  48,            0.024296,            0.018289,                   0,             0.83691,              0.7574,             0.80057,             0.63996,             0.03664,            0.016117,                   0,            0.008449,            0.008449,            0.008449
                  49,            0.024464,            0.018218,                   0,              0.8373,             0.79176,             0.83542,             0.67538,            0.034749,            0.015194,                   0,            0.008416,            0.008416,            0.008416
                  50,            0.025553,            0.018407,                   0,             0.84248,             0.74556,             0.81739,              0.6691,            0.036187,            0.016465,                   0,            0.008383,            0.008383,            0.008383
                  51,             0.02479,            0.017875,                   0,             0.83579,             0.76923,             0.80922,             0.65977,            0.035494,            0.015224,                   0,             0.00835,             0.00835,             0.00835
                  52,             0.02511,            0.018563,                   0,             0.86638,             0.72781,             0.82111,             0.66794,            0.035402,            0.015819,                   0,            0.008317,            0.008317,            0.008317
                  53,             0.02493,            0.018553,                   0,              0.8584,             0.72189,             0.79554,             0.62476,            0.036382,            0.015907,                   0,            0.008284,            0.008284,            0.008284
                  54,            0.024773,            0.018127,                   0,             0.79722,             0.74556,             0.79261,             0.65535,            0.034304,            0.016539,                   0,            0.008251,            0.008251,            0.008251
                  55,            0.023575,            0.017962,                   0,             0.88688,             0.69822,             0.80599,             0.64531,            0.035599,            0.016027,                   0,            0.008218,            0.008218,            0.008218
                  56,            0.024307,            0.018166,                   0,             0.81591,             0.81298,             0.83053,             0.66138,            0.033926,            0.015352,                   0,            0.008185,            0.008185,            0.008185
                  57,            0.024564,            0.017185,                   0,             0.86292,              0.7077,             0.77981,             0.62391,            0.035311,            0.017729,                   0,            0.008152,            0.008152,            0.008152
                  58,            0.024749,             0.01721,                   0,             0.90835,             0.70377,             0.80753,              0.6508,            0.035442,            0.016161,                   0,            0.008119,            0.008119,            0.008119
                  59,            0.024723,            0.017456,                   0,             0.91478,             0.73373,             0.81981,             0.67241,            0.034719,            0.015514,                   0,            0.008086,            0.008086,            0.008086
                  60,            0.022839,            0.016702,                   0,             0.90534,             0.69822,             0.79235,              0.6451,            0.033966,            0.016204,                   0,            0.008053,            0.008053,            0.008053
                  61,            0.024097,            0.017846,                   0,             0.85421,             0.70414,             0.77919,             0.63504,            0.034024,            0.016418,                   0,             0.00802,             0.00802,             0.00802
                  62,            0.022911,            0.017035,                   0,             0.86318,             0.70928,             0.77547,             0.61509,            0.035973,            0.018001,                   0,            0.007987,            0.007987,            0.007987
                  63,            0.023621,            0.016542,                   0,             0.84824,             0.73964,             0.81096,             0.65007,            0.033929,            0.017695,                   0,            0.007954,            0.007954,            0.007954
                  64,            0.022868,            0.017796,                   0,             0.82741,             0.72781,             0.79928,             0.63677,            0.034493,            0.019082,                   0,            0.007921,            0.007921,            0.007921
                  65,            0.022737,            0.016398,                   0,             0.84883,             0.71006,              0.7909,             0.62858,            0.034219,            0.018492,                   0,            0.007888,            0.007888,            0.007888
                  66,            0.023399,            0.017668,                   0,             0.82854,             0.74342,             0.81808,             0.64847,            0.034694,            0.016803,                   0,            0.007855,            0.007855,            0.007855
                  67,             0.02346,            0.016201,                   0,             0.88045,             0.65367,             0.70604,             0.56883,            0.037441,            0.018733,                   0,            0.007822,            0.007822,            0.007822
                  68,            0.023428,            0.016608,                   0,             0.89976,             0.74357,              0.8169,              0.6564,            0.034808,             0.01669,                   0,            0.007789,            0.007789,            0.007789
                  69,            0.023848,            0.017741,                   0,             0.86748,             0.72189,             0.80218,             0.63606,            0.035547,            0.017296,                   0,            0.007756,            0.007756,            0.007756
                  70,            0.023149,            0.015781,                   0,             0.83298,             0.79677,             0.81884,             0.65517,            0.034617,            0.016693,                   0,            0.007723,            0.007723,            0.007723
                  71,            0.023163,            0.016648,                   0,             0.84274,             0.72781,             0.78907,             0.63387,            0.034292,            0.018098,                   0,             0.00769,             0.00769,             0.00769
                  72,             0.02244,            0.016481,                   0,             0.83783,             0.64199,             0.70652,             0.56532,            0.036257,            0.020203,                   0,            0.007657,            0.007657,            0.007657
                  73,             0.02227,            0.017137,                   0,             0.83563,             0.63314,             0.77742,             0.62051,            0.034172,            0.019698,                   0,            0.007624,            0.007624,            0.007624
                  74,            0.022437,            0.016871,                   0,             0.79716,             0.62787,             0.76591,             0.60734,            0.034507,            0.020811,                   0,            0.007591,            0.007591,            0.007591
                  75,            0.022126,            0.016934,                   0,             0.88622,             0.70414,             0.80242,             0.63755,            0.034591,             0.01675,                   0,            0.007558,            0.007558,            0.007558
                  76,            0.022497,            0.016116,                   0,             0.85794,             0.67456,             0.76757,             0.61501,            0.034275,            0.017648,                   0,            0.007525,            0.007525,            0.007525
                  77,            0.021989,            0.015916,                   0,              0.8254,             0.75528,             0.79749,             0.63562,            0.032881,             0.01683,                   0,            0.007492,            0.007492,            0.007492
                  78,               0.022,            0.016121,                   0,              0.8473,              0.7574,             0.79428,             0.65074,            0.034107,            0.017002,                   0,            0.007459,            0.007459,            0.007459
                  79,            0.022077,            0.017141,                   0,             0.83414,             0.74397,             0.81676,             0.65891,            0.033377,             0.01732,                   0,            0.007426,            0.007426,            0.007426
                  80,            0.022467,            0.015735,                   0,             0.84276,             0.72946,             0.80206,             0.63364,            0.033831,             0.01708,                   0,            0.007393,            0.007393,            0.007393
                  81,            0.021792,            0.016335,                   0,             0.81802,             0.79794,             0.81781,             0.65035,            0.033305,            0.016852,                   0,             0.00736,             0.00736,             0.00736
                  82,            0.021332,            0.014917,                   0,             0.87137,             0.72781,             0.81448,             0.66272,            0.032618,            0.017469,                   0,            0.007327,            0.007327,            0.007327
                  83,            0.021381,            0.015695,                   0,             0.83879,              0.7697,             0.80485,             0.65008,            0.034995,            0.017793,                   0,            0.007294,            0.007294,            0.007294
                  84,            0.021448,            0.015841,                   0,             0.85331,             0.76331,             0.80635,             0.65733,            0.033201,            0.016058,                   0,            0.007261,            0.007261,            0.007261
                  85,            0.021426,            0.015748,                   0,             0.81295,             0.74578,             0.81341,             0.64857,            0.034043,            0.017684,                   0,            0.007228,            0.007228,            0.007228
                  86,            0.021687,            0.015814,                   0,             0.89754,             0.70414,             0.82688,             0.66559,            0.032413,            0.017222,                   0,            0.007195,            0.007195,            0.007195
                  87,            0.020556,            0.016014,                   0,             0.79538,             0.79882,             0.80362,             0.64912,            0.033511,            0.016563,                   0,            0.007162,            0.007162,            0.007162
                  88,            0.021538,            0.015943,                   0,             0.78314,             0.76928,             0.81116,              0.6555,            0.035259,            0.016444,                   0,            0.007129,            0.007129,            0.007129
                  89,             0.02079,            0.015605,                   0,             0.81619,             0.76923,             0.80063,              0.6501,            0.033535,            0.017235,                   0,            0.007096,            0.007096,            0.007096
                  90,            0.020621,            0.015109,                   0,             0.83424,             0.77429,             0.82883,              0.6724,            0.033597,            0.016699,                   0,            0.007063,            0.007063,            0.007063
                  91,            0.020795,            0.015591,                   0,             0.84904,             0.73218,             0.80799,             0.64537,            0.034314,            0.017956,                   0,             0.00703,             0.00703,             0.00703
                  92,            0.020988,            0.015235,                   0,             0.84973,             0.73964,             0.80891,             0.64418,            0.035252,            0.018003,                   0,            0.006997,            0.006997,            0.006997
                  93,            0.021205,            0.014802,                   0,             0.90075,             0.69809,             0.80057,             0.64106,             0.03528,            0.017801,                   0,            0.006964,            0.006964,            0.006964
                  94,            0.020888,            0.014953,                   0,             0.88997,             0.71789,             0.80368,             0.64495,            0.035838,            0.017949,                   0,            0.006931,            0.006931,            0.006931
                  95,            0.020506,            0.015509,                   0,             0.89967,             0.76331,             0.82989,             0.66448,            0.035166,            0.016921,                   0,            0.006898,            0.006898,            0.006898
                  96,            0.020952,            0.015578,                   0,             0.88548,             0.72189,             0.78395,             0.62551,            0.034663,            0.017406,                   0,            0.006865,            0.006865,            0.006865
                  97,             0.01973,            0.015052,                   0,             0.84212,             0.75748,             0.82351,             0.66176,            0.035799,            0.016984,                   0,            0.006832,            0.006832,            0.006832
                  98,            0.020643,            0.014935,                   0,             0.87429,             0.78698,             0.82577,             0.66878,            0.035047,            0.015392,                   0,            0.006799,            0.006799,            0.006799
                  99,            0.021278,            0.014536,                   0,              0.8777,              0.7574,             0.80992,             0.64452,            0.034131,            0.015658,                   0,            0.006766,            0.006766,            0.006766
                 100,            0.020834,             0.01564,                   0,             0.86814,             0.81065,             0.85212,             0.68274,            0.033257,            0.015156,                   0,            0.006733,            0.006733,            0.006733
                 101,            0.020689,            0.015147,                   0,             0.87308,             0.69194,             0.81192,             0.64296,            0.035054,            0.019402,                   0,              0.0067,              0.0067,              0.0067
                 102,            0.020583,             0.01523,                   0,             0.84597,              0.7929,             0.78934,             0.62391,            0.033567,            0.017289,                   0,            0.006667,            0.006667,            0.006667
                 103,            0.020224,            0.014271,                   0,             0.87203,             0.71006,             0.79132,             0.64198,            0.035449,            0.019328,                   0,            0.006634,            0.006634,            0.006634
                 104,            0.020222,            0.015227,                   0,             0.85952,             0.72189,              0.8092,             0.65218,            0.033442,            0.016894,                   0,            0.006601,            0.006601,            0.006601
                 105,            0.020962,            0.014367,                   0,             0.87761,             0.73373,             0.82182,             0.66076,            0.033373,            0.015912,                   0,            0.006568,            0.006568,            0.006568
                 106,            0.020471,            0.015044,                   0,             0.84118,             0.75148,             0.80435,             0.66841,            0.032209,             0.01603,                   0,            0.006535,            0.006535,            0.006535
                 107,            0.019683,            0.014616,                   0,             0.85805,             0.76923,             0.83081,             0.68131,            0.032879,            0.016292,                   0,            0.006502,            0.006502,            0.006502
                 108,            0.020461,            0.014499,                   0,               0.845,             0.76923,             0.82891,             0.67379,            0.033862,            0.016258,                   0,            0.006469,            0.006469,            0.006469
                 109,            0.020538,            0.014659,                   0,             0.82947,              0.7929,             0.82448,             0.66178,            0.033707,            0.015864,                   0,            0.006436,            0.006436,            0.006436
                 110,             0.01989,            0.014563,                   0,              0.8555,             0.73964,             0.82369,             0.66074,             0.03299,            0.017133,                   0,            0.006403,            0.006403,            0.006403
                 111,            0.019813,            0.014684,                   0,             0.82264,             0.75148,             0.81233,             0.65392,            0.033648,            0.018398,                   0,             0.00637,             0.00637,             0.00637
                 112,            0.019241,            0.014006,                   0,             0.86622,             0.80473,             0.83049,             0.68486,            0.032767,             0.01601,                   0,            0.006337,            0.006337,            0.006337
                 113,            0.019978,            0.014295,                   0,             0.84382,             0.77515,             0.82964,             0.67937,            0.033224,            0.016654,                   0,            0.006304,            0.006304,            0.006304
                 114,            0.020165,             0.01419,                   0,             0.88012,             0.71006,             0.81898,             0.67126,            0.032279,            0.017956,                   0,            0.006271,            0.006271,            0.006271
                 115,            0.019229,            0.014314,                   0,             0.85311,             0.76331,             0.79756,              0.6395,            0.033248,            0.017216,                   0,            0.006238,            0.006238,            0.006238
                 116,            0.019255,            0.014278,                   0,             0.84151,             0.75401,             0.79422,              0.6427,            0.033924,            0.017191,                   0,            0.006205,            0.006205,            0.006205
                 117,            0.019607,            0.014228,                   0,             0.82437,             0.63879,             0.73644,             0.59254,            0.035839,            0.020899,                   0,            0.006172,            0.006172,            0.006172
                 118,            0.019508,            0.014201,                   0,             0.79868,             0.65728,             0.76345,             0.61957,            0.033556,            0.020231,                   0,            0.006139,            0.006139,            0.006139
                 119,             0.01903,            0.014573,                   0,             0.82659,             0.76154,             0.81515,             0.66019,            0.034053,            0.017624,                   0,            0.006106,            0.006106,            0.006106
                 120,            0.019719,              0.0141,                   0,             0.83503,             0.77876,             0.80113,             0.62649,            0.035201,            0.017949,                   0,            0.006073,            0.006073,            0.006073
                 121,            0.019728,            0.014779,                   0,             0.86273,             0.80473,             0.83616,             0.65843,            0.034135,            0.017004,                   0,             0.00604,             0.00604,             0.00604
                 122,            0.018928,            0.013727,                   0,              0.8789,             0.73964,             0.82875,             0.67424,            0.033374,             0.01696,                   0,            0.006007,            0.006007,            0.006007
                 123,            0.019393,            0.013036,                   0,             0.86299,             0.74542,             0.81626,             0.66941,            0.035468,            0.017742,                   0,            0.005974,            0.005974,            0.005974
                 124,            0.019091,            0.014004,                   0,             0.86047,             0.74556,             0.81391,             0.65978,            0.033228,            0.016933,                   0,            0.005941,            0.005941,            0.005941
                 125,            0.018601,             0.01414,                   0,             0.83141,             0.75872,             0.83185,             0.67622,            0.033329,            0.016719,                   0,            0.005908,            0.005908,            0.005908
                 126,            0.019085,            0.013967,                   0,             0.85514,             0.76846,             0.83294,             0.68495,            0.032891,            0.016742,                   0,            0.005875,            0.005875,            0.005875
                 127,            0.018704,            0.013422,                   0,             0.86973,             0.71107,             0.78447,             0.63196,            0.032875,            0.019295,                   0,            0.005842,            0.005842,            0.005842
                 128,            0.018636,            0.014566,                   0,             0.86691,             0.73233,             0.83502,             0.67527,            0.033291,            0.017493,                   0,            0.005809,            0.005809,            0.005809
                 129,            0.018534,            0.013893,                   0,             0.83336,             0.76936,             0.82273,              0.6599,            0.033133,             0.01829,                   0,            0.005776,            0.005776,            0.005776
                 130,            0.018422,            0.014252,                   0,             0.84225,              0.7574,             0.82869,             0.65806,            0.034583,            0.017505,                   0,            0.005743,            0.005743,            0.005743
                 131,            0.018688,            0.013434,                   0,             0.84655,             0.73373,             0.80704,             0.67225,            0.033225,            0.017893,                   0,             0.00571,             0.00571,             0.00571
                 132,            0.018039,            0.013502,                   0,             0.90572,             0.73901,             0.83527,             0.67808,            0.033418,            0.017294,                   0,            0.005677,            0.005677,            0.005677
                 133,            0.018725,            0.013034,                   0,             0.85675,              0.7078,             0.81281,             0.65744,            0.033966,            0.019777,                   0,            0.005644,            0.005644,            0.005644
                 134,            0.017779,            0.013023,                   0,             0.82839,             0.77515,             0.81943,             0.67262,            0.032108,            0.017882,                   0,            0.005611,            0.005611,            0.005611
                 135,            0.018875,            0.013236,                   0,             0.89056,             0.69822,             0.82705,             0.67477,             0.03319,            0.017678,                   0,            0.005578,            0.005578,            0.005578
                 136,            0.017268,            0.012859,                   0,             0.90587,             0.70414,              0.8198,             0.69008,            0.033756,            0.017688,                   0,            0.005545,            0.005545,            0.005545
                 137,            0.017371,            0.012688,                   0,             0.85564,             0.69822,             0.81007,             0.65945,            0.034818,            0.020106,                   0,            0.005512,            0.005512,            0.005512
                 138,             0.01838,            0.013014,                   0,             0.82905,             0.73964,             0.82846,             0.68132,             0.03227,            0.018357,                   0,            0.005479,            0.005479,            0.005479
                 139,            0.018298,            0.013574,                   0,             0.82061,             0.75788,             0.83382,             0.67929,            0.032642,            0.018543,                   0,            0.005446,            0.005446,            0.005446
                 140,            0.017249,            0.013603,                   0,             0.82626,             0.76331,             0.83266,             0.68658,            0.032052,            0.017612,                   0,            0.005413,            0.005413,            0.005413
                 141,            0.018825,            0.013836,                   0,             0.81861,             0.77444,             0.81566,               0.677,            0.031578,            0.017837,                   0,             0.00538,             0.00538,             0.00538
                 142,             0.01759,            0.012823,                   0,             0.83309,             0.73834,             0.81692,             0.65884,            0.033071,            0.018785,                   0,            0.005347,            0.005347,            0.005347
                 143,            0.017546,            0.013125,                   0,             0.83886,             0.75148,             0.80455,             0.65434,            0.032406,            0.018163,                   0,            0.005314,            0.005314,            0.005314
                 144,            0.017111,            0.014267,                   0,             0.81916,              0.8309,             0.84991,             0.69106,            0.031911,            0.016416,                   0,            0.005281,            0.005281,            0.005281
                 145,            0.017201,            0.012995,                   0,              0.8393,              0.7726,             0.85392,             0.69984,            0.032186,            0.016778,                   0,            0.005248,            0.005248,            0.005248
                 146,            0.016433,            0.012781,                   0,             0.90429,             0.72678,             0.84793,             0.69786,            0.031831,            0.017207,                   0,            0.005215,            0.005215,            0.005215
                 147,             0.01725,            0.012989,                   0,             0.89193,             0.72189,             0.83116,             0.69525,             0.03114,             0.01801,                   0,            0.005182,            0.005182,            0.005182
                 148,            0.017125,            0.012398,                   0,             0.91824,             0.53164,             0.66509,             0.52891,            0.036022,            0.024806,                   0,            0.005149,            0.005149,            0.005149
                 149,            0.017558,            0.012906,                   0,             0.88696,             0.74283,             0.83737,             0.69947,            0.032547,             0.01788,                   0,            0.005116,            0.005116,            0.005116
                 150,            0.017078,            0.013218,                   0,             0.84319,             0.79543,             0.84242,             0.69714,            0.032336,            0.017284,                   0,            0.005083,            0.005083,            0.005083
                 151,            0.018367,             0.01261,                   0,             0.83071,             0.78107,             0.83924,             0.68983,            0.031814,            0.017684,                   0,             0.00505,             0.00505,             0.00505
                 152,            0.017216,            0.012679,                   0,             0.87782,             0.72781,             0.82939,             0.67666,            0.032116,            0.017546,                   0,            0.005017,            0.005017,            0.005017
                 153,            0.017013,            0.012485,                   0,             0.82218,             0.71134,             0.77069,             0.64023,            0.033784,            0.018931,                   0,            0.004984,            0.004984,            0.004984
                 154,            0.017409,            0.013211,                   0,             0.87528,             0.71598,             0.81886,             0.66551,            0.032216,            0.017496,                   0,            0.004951,            0.004951,            0.004951
                 155,            0.016742,            0.012962,                   0,             0.86701,             0.74556,             0.82921,              0.6855,            0.031862,            0.017833,                   0,            0.004918,            0.004918,            0.004918
                 156,            0.016589,            0.012457,                   0,             0.89187,             0.70414,             0.82593,             0.68764,             0.03224,            0.018267,                   0,            0.004885,            0.004885,            0.004885
                 157,            0.016747,            0.012751,                   0,             0.83686,             0.72846,             0.82251,             0.68368,            0.032392,            0.018896,                   0,            0.004852,            0.004852,            0.004852
                 158,            0.017026,             0.01269,                   0,             0.83931,             0.76331,             0.82854,             0.69926,            0.032185,            0.018192,                   0,            0.004819,            0.004819,            0.004819
                 159,            0.016631,            0.011827,                   0,             0.83361,             0.75148,             0.81839,             0.68762,            0.032419,            0.018626,                   0,            0.004786,            0.004786,            0.004786
                 160,             0.01647,            0.012526,                   0,             0.87896,             0.69822,             0.81807,              0.6843,            0.032096,            0.018307,                   0,            0.004753,            0.004753,            0.004753
                 161,            0.017022,            0.013208,                   0,             0.83759,              0.7629,             0.81875,             0.68769,            0.031628,            0.017656,                   0,             0.00472,             0.00472,             0.00472
                 162,            0.016647,            0.012686,                   0,             0.84253,             0.79147,             0.82479,              0.6867,            0.031919,            0.017371,                   0,            0.004687,            0.004687,            0.004687
                 163,            0.016704,            0.012765,                   0,             0.87282,             0.71006,             0.82113,             0.68236,            0.032434,            0.018345,                   0,            0.004654,            0.004654,            0.004654
                 164,            0.016605,            0.012851,                   0,             0.89747,             0.72781,             0.83021,             0.68925,            0.031691,            0.017155,                   0,            0.004621,            0.004621,            0.004621
                 165,            0.017029,            0.012121,                   0,              0.8624,             0.77515,             0.83808,             0.70941,            0.030698,            0.017089,                   0,            0.004588,            0.004588,            0.004588
                 166,            0.016794,            0.012126,                   0,             0.85762,             0.74848,             0.83676,             0.69327,            0.031413,            0.017932,                   0,            0.004555,            0.004555,            0.004555
                 167,            0.016144,            0.011867,                   0,             0.87477,             0.74403,             0.83158,             0.69618,            0.031564,            0.018247,                   0,            0.004522,            0.004522,            0.004522
                 168,            0.016441,            0.012504,                   0,             0.84238,             0.75896,             0.81901,             0.67699,            0.031977,            0.019495,                   0,            0.004489,            0.004489,            0.004489
                 169,            0.015539,            0.012162,                   0,             0.84419,              0.7574,             0.83273,             0.68669,            0.032272,            0.018534,                   0,            0.004456,            0.004456,            0.004456
                 170,            0.016407,            0.011534,                   0,             0.84627,             0.78176,             0.84485,             0.69676,            0.031991,            0.017704,                   0,            0.004423,            0.004423,            0.004423
                 171,            0.015935,            0.012779,                   0,             0.84826,             0.76078,             0.83346,             0.68035,            0.032244,            0.018041,                   0,             0.00439,             0.00439,             0.00439
                 172,             0.01537,            0.011594,                   0,             0.83864,             0.75148,             0.80831,              0.6715,            0.032036,            0.018082,                   0,            0.004357,            0.004357,            0.004357
                 173,            0.016277,            0.013265,                   0,             0.84672,             0.75148,             0.82377,             0.69715,            0.031939,            0.017733,                   0,            0.004324,            0.004324,            0.004324
                 174,            0.016028,            0.012072,                   0,             0.89182,             0.53661,             0.70092,             0.55264,            0.036288,            0.023942,                   0,            0.004291,            0.004291,            0.004291
                 175,            0.015621,            0.012015,                   0,             0.88504,             0.71598,             0.83924,             0.70742,             0.03196,            0.017321,                   0,            0.004258,            0.004258,            0.004258
                 176,            0.016092,            0.012239,                   0,             0.85553,              0.7574,             0.83724,             0.70893,            0.031746,            0.017598,                   0,            0.004225,            0.004225,            0.004225
                 177,            0.016199,            0.011925,                   0,             0.84663,             0.76331,             0.82985,             0.68566,             0.03228,            0.017827,                   0,            0.004192,            0.004192,            0.004192
                 178,            0.016179,            0.011885,                   0,             0.84652,              0.7929,             0.81431,             0.66849,            0.032668,            0.017407,                   0,            0.004159,            0.004159,            0.004159
                 179,            0.016059,            0.012259,                   0,             0.82753,             0.79495,             0.82846,              0.6844,            0.032598,            0.017104,                   0,            0.004126,            0.004126,            0.004126
                 180,            0.015544,            0.011485,                   0,             0.90627,             0.74378,             0.84277,             0.69406,             0.03323,            0.017204,                   0,            0.004093,            0.004093,            0.004093
                 181,            0.016926,            0.012796,                   0,             0.83762,             0.79882,             0.83963,             0.69135,            0.033625,            0.017033,                   0,             0.00406,             0.00406,             0.00406
                 182,            0.015802,             0.01197,                   0,             0.89831,             0.73184,             0.83709,             0.67995,            0.033792,            0.017154,                   0,            0.004027,            0.004027,            0.004027
                 183,            0.015632,            0.012006,                   0,             0.84385,             0.80473,             0.84286,             0.70246,            0.032377,            0.016183,                   0,            0.003994,            0.003994,            0.003994
                 184,            0.015276,            0.011794,                   0,             0.85495,             0.76728,             0.83995,             0.69252,            0.033094,            0.017095,                   0,            0.003961,            0.003961,            0.003961
                 185,            0.015333,            0.012233,                   0,             0.82191,              0.6281,             0.73583,              0.6003,            0.034329,            0.021526,                   0,            0.003928,            0.003928,            0.003928
                 186,            0.015096,            0.011626,                   0,             0.84929,             0.69822,               0.822,             0.67834,             0.03311,            0.018843,                   0,            0.003895,            0.003895,            0.003895
                 187,             0.01544,            0.011838,                   0,             0.83294,             0.70806,             0.81374,             0.67928,            0.032686,            0.018949,                   0,            0.003862,            0.003862,            0.003862
                 188,             0.01506,            0.012455,                   0,             0.83364,             0.74127,             0.81898,             0.65723,            0.033811,            0.017647,                   0,            0.003829,            0.003829,            0.003829
                 189,            0.015009,            0.010956,                   0,             0.82789,              0.7685,             0.84233,             0.69369,            0.033304,            0.017916,                   0,            0.003796,            0.003796,            0.003796
                 190,             0.01544,            0.011279,                   0,             0.83986,              0.7448,             0.82725,             0.67703,            0.033872,            0.018679,                   0,            0.003763,            0.003763,            0.003763
                 191,             0.01547,            0.011514,                   0,             0.82662,             0.76168,             0.81959,             0.67421,            0.032598,            0.018746,                   0,             0.00373,             0.00373,             0.00373
                 192,            0.014834,            0.012392,                   0,             0.82986,             0.77928,             0.83085,             0.68475,            0.032383,             0.01817,                   0,            0.003697,            0.003697,            0.003697
                 193,            0.014691,            0.011762,                   0,             0.85041,              0.7929,             0.83795,             0.68901,            0.032303,            0.017654,                   0,            0.003664,            0.003664,            0.003664
                 194,             0.01551,            0.011276,                   0,             0.86034,             0.76549,             0.84873,             0.70117,            0.032879,            0.018281,                   0,            0.003631,            0.003631,            0.003631
                 195,             0.01565,            0.011731,                   0,             0.87868,              0.7929,             0.83069,             0.68599,            0.032496,            0.017286,                   0,            0.003598,            0.003598,            0.003598
                 196,            0.014895,            0.011424,                   0,             0.83594,             0.75378,             0.83162,             0.68353,            0.033995,             0.01878,                   0,            0.003565,            0.003565,            0.003565
                 197,            0.014784,            0.012013,                   0,             0.84016,             0.80473,              0.8408,             0.68702,            0.032702,            0.017863,                   0,            0.003532,            0.003532,            0.003532
                 198,            0.014347,            0.011605,                   0,              0.8304,             0.78226,             0.83541,             0.68887,            0.033199,            0.017994,                   0,            0.003499,            0.003499,            0.003499
                 199,            0.015056,            0.010932,                   0,             0.85702,              0.7574,             0.78571,              0.6489,            0.034247,             0.01928,                   0,            0.003466,            0.003466,            0.003466
                 200,            0.015219,            0.010661,                   0,             0.87587,             0.71598,             0.82597,             0.67873,            0.033536,            0.019206,                   0,            0.003433,            0.003433,            0.003433
                 201,            0.014693,            0.010874,                   0,             0.87602,             0.72189,             0.82194,             0.67869,            0.034199,            0.018846,                   0,              0.0034,              0.0034,              0.0034
                 202,            0.014504,            0.011161,                   0,             0.85527,             0.75148,             0.83016,             0.68991,            0.032563,            0.018668,                   0,            0.003367,            0.003367,            0.003367
                 203,            0.015051,            0.011077,                   0,              0.8758,              0.7093,             0.82243,             0.68596,             0.03184,            0.019496,                   0,            0.003334,            0.003334,            0.003334
                 204,            0.014617,            0.010989,                   0,             0.87019,             0.71598,             0.82446,             0.67279,            0.033817,            0.019717,                   0,            0.003301,            0.003301,            0.003301
                 205,            0.015019,            0.010695,                   0,             0.87229,             0.72748,             0.83704,             0.68804,            0.032235,            0.018857,                   0,            0.003268,            0.003268,            0.003268
                 206,            0.014294,            0.011082,                   0,             0.83906,             0.74556,             0.83254,             0.69202,             0.03177,            0.019088,                   0,            0.003235,            0.003235,            0.003235
                 207,            0.014301,            0.011279,                   0,             0.83406,             0.74355,             0.83825,             0.70318,            0.031739,            0.018815,                   0,            0.003202,            0.003202,            0.003202
                 208,            0.014618,            0.011231,                   0,             0.83754,             0.76331,             0.84502,             0.70601,            0.031798,            0.018553,                   0,            0.003169,            0.003169,            0.003169
                 209,            0.014987,            0.010668,                   0,             0.84962,             0.76891,             0.84338,              0.7018,            0.032226,            0.018324,                   0,            0.003136,            0.003136,            0.003136
                 210,            0.014974,            0.011112,                   0,             0.88049,             0.72189,             0.83649,             0.69924,            0.033188,            0.018925,                   0,            0.003103,            0.003103,            0.003103
                 211,            0.014026,            0.011003,                   0,             0.85039,             0.75148,             0.83336,                 0.7,            0.032319,             0.01937,                   0,             0.00307,             0.00307,             0.00307
                 212,            0.014777,            0.011321,                   0,             0.84625,             0.73964,              0.8358,             0.69439,            0.032042,            0.019079,                   0,            0.003037,            0.003037,            0.003037
                 213,            0.014299,            0.010734,                   0,             0.84584,             0.74556,             0.84174,             0.71657,            0.031349,            0.018831,                   0,            0.003004,            0.003004,            0.003004
                 214,            0.014139,            0.011458,                   0,             0.85871,             0.75523,             0.82963,             0.69763,             0.03189,            0.018942,                   0,            0.002971,            0.002971,            0.002971
                 215,            0.014255,            0.010682,                   0,             0.82906,             0.75148,             0.83931,               0.707,            0.032194,            0.018512,                   0,            0.002938,            0.002938,            0.002938
                 216,            0.014595,            0.011005,                   0,             0.84185,             0.75148,             0.85093,             0.70172,            0.032936,            0.018476,                   0,            0.002905,            0.002905,            0.002905
                 217,            0.014057,            0.010506,                   0,             0.82356,             0.77335,             0.83527,              0.7068,            0.032232,            0.018571,                   0,            0.002872,            0.002872,            0.002872
                 218,            0.014448,            0.011445,                   0,             0.87323,             0.65216,             0.79848,             0.65602,            0.034861,            0.020675,                   0,            0.002839,            0.002839,            0.002839
                 219,            0.014271,            0.010949,                   0,             0.81267,             0.77008,             0.82387,             0.69477,            0.032593,            0.018509,                   0,            0.002806,            0.002806,            0.002806
                 220,            0.013764,            0.010217,                   0,             0.85926,             0.73373,             0.83918,             0.70516,            0.032563,            0.018315,                   0,            0.002773,            0.002773,            0.002773
                 221,            0.013967,            0.010071,                   0,             0.84632,             0.74951,             0.82264,             0.67906,            0.033296,            0.018461,                   0,             0.00274,             0.00274,             0.00274
                 222,            0.013292,            0.011429,                   0,             0.84599,             0.77515,             0.82532,              0.6857,            0.033237,            0.017807,                   0,            0.002707,            0.002707,            0.002707
                 223,            0.013483,            0.010524,                   0,             0.84444,             0.77089,             0.83234,             0.69878,            0.032978,            0.017957,                   0,            0.002674,            0.002674,            0.002674
                 224,             0.01369,            0.010603,                   0,             0.83743,             0.77515,             0.83142,             0.69559,            0.033467,            0.018029,                   0,            0.002641,            0.002641,            0.002641
                 225,            0.013847,            0.010166,                   0,             0.85029,               0.773,             0.84063,             0.70607,            0.033727,            0.018047,                   0,            0.002608,            0.002608,            0.002608
                 226,            0.014071,            0.010951,                   0,             0.88603,             0.69005,             0.76204,             0.63691,            0.035187,            0.019804,                   0,            0.002575,            0.002575,            0.002575
                 227,            0.014006,            0.010398,                   0,             0.88245,             0.75518,             0.78683,             0.65634,            0.033078,            0.017779,                   0,            0.002542,            0.002542,            0.002542
                 228,            0.013206,            0.010037,                   0,             0.83343,             0.73964,             0.84136,             0.70579,            0.032765,            0.018367,                   0,            0.002509,            0.002509,            0.002509
                 229,            0.014248,            0.010595,                   0,             0.84209,             0.75732,             0.84741,             0.71772,            0.032426,            0.018555,                   0,            0.002476,            0.002476,            0.002476
                 230,            0.013945,            0.010665,                   0,             0.84609,             0.78069,               0.848,             0.71238,            0.032758,            0.018782,                   0,            0.002443,            0.002443,            0.002443
                 231,            0.013101,           0.0099885,                   0,             0.84214,             0.74556,             0.84356,             0.70453,            0.033791,             0.01929,                   0,             0.00241,             0.00241,             0.00241
                 232,            0.013633,           0.0097475,                   0,             0.83098,             0.76331,             0.84559,             0.71117,            0.033038,            0.018662,                   0,            0.002377,            0.002377,            0.002377
                 233,            0.013708,            0.010463,                   0,             0.83815,             0.73542,             0.84682,             0.71882,            0.032512,             0.01828,                   0,            0.002344,            0.002344,            0.002344
                 234,            0.013502,            0.010111,                   0,             0.82465,              0.7574,             0.84934,             0.70996,            0.032341,            0.018796,                   0,            0.002311,            0.002311,            0.002311
                 235,            0.013348,            0.010294,                   0,             0.87191,             0.73373,             0.84296,             0.70593,            0.032736,            0.018494,                   0,            0.002278,            0.002278,            0.002278
                 236,            0.013139,            0.010224,                   0,             0.84667,             0.77515,             0.85094,             0.71041,            0.032426,            0.018417,                   0,            0.002245,            0.002245,            0.002245
                 237,            0.013221,            0.010326,                   0,             0.84601,             0.78019,             0.84155,              0.7068,            0.032469,            0.018253,                   0,            0.002212,            0.002212,            0.002212
                 238,            0.013247,            0.010139,                   0,              0.8558,             0.77515,             0.84443,             0.70287,            0.032962,            0.018508,                   0,            0.002179,            0.002179,            0.002179
                 239,            0.012803,            0.009983,                   0,             0.85942,             0.75966,             0.84498,             0.71004,            0.032769,            0.018193,                   0,            0.002146,            0.002146,            0.002146
                 240,             0.01356,            0.010061,                   0,             0.84959,             0.76874,             0.84578,             0.70753,            0.033512,            0.018511,                   0,            0.002113,            0.002113,            0.002113
                 241,            0.013497,            0.010402,                   0,             0.88656,             0.74556,             0.84093,             0.69189,            0.033721,            0.018769,                   0,             0.00208,             0.00208,             0.00208
                 242,            0.013921,            0.010756,                   0,             0.84533,             0.76923,             0.85178,             0.71039,            0.032653,            0.018474,                   0,            0.002047,            0.002047,            0.002047
                 243,            0.012729,           0.0097072,                   0,             0.89766,             0.72662,             0.84842,             0.70702,            0.033056,            0.018712,                   0,            0.002014,            0.002014,            0.002014
                 244,            0.012768,           0.0097822,                   0,             0.85772,             0.76923,             0.83784,              0.6905,            0.032581,            0.018957,                   0,            0.001981,            0.001981,            0.001981
                 245,            0.013392,           0.0095978,                   0,             0.84489,             0.76923,             0.84726,             0.69982,            0.033031,            0.019157,                   0,            0.001948,            0.001948,            0.001948
                 246,            0.013169,            0.010039,                   0,             0.84895,             0.76492,             0.85149,             0.70989,            0.033026,            0.019302,                   0,            0.001915,            0.001915,            0.001915
                 247,            0.012615,            0.010204,                   0,             0.82513,             0.78107,             0.84557,             0.70972,            0.033019,             0.01939,                   0,            0.001882,            0.001882,            0.001882
                 248,            0.013057,           0.0097594,                   0,             0.84525,             0.76923,             0.84173,              0.7056,            0.032712,            0.018833,                   0,            0.001849,            0.001849,            0.001849
                 249,            0.012716,            0.010391,                   0,             0.83734,             0.77515,             0.83787,             0.69702,             0.03323,            0.018946,                   0,            0.001816,            0.001816,            0.001816
                 250,            0.012676,           0.0091295,                   0,             0.84108,             0.78107,             0.83994,             0.70099,            0.032837,            0.018184,                   0,            0.001783,            0.001783,            0.001783
                 251,            0.012623,           0.0099172,                   0,             0.83811,             0.76923,             0.84556,             0.71134,            0.032758,            0.018642,                   0,             0.00175,             0.00175,             0.00175
                 252,            0.012431,           0.0098136,                   0,             0.84302,             0.76266,             0.84482,             0.70971,            0.033088,            0.019205,                   0,            0.001717,            0.001717,            0.001717
                 253,            0.012567,            0.010273,                   0,             0.84025,             0.75148,             0.84466,             0.71094,            0.033487,            0.019411,                   0,            0.001684,            0.001684,            0.001684
                 254,            0.012877,           0.0092307,                   0,             0.86197,              0.7574,             0.81783,             0.68433,            0.033058,            0.019076,                   0,            0.001651,            0.001651,            0.001651
                 255,            0.012375,            0.009429,                   0,             0.84666,             0.75143,             0.83825,               0.702,            0.033196,            0.019356,                   0,            0.001618,            0.001618,            0.001618
                 256,            0.012415,            0.009735,                   0,             0.85009,             0.77173,             0.83182,             0.69679,            0.032954,            0.019159,                   0,            0.001585,            0.001585,            0.001585
                 257,            0.013057,           0.0099855,                   0,             0.84965,             0.76908,             0.84043,             0.69607,            0.033062,            0.018821,                   0,            0.001552,            0.001552,            0.001552
                 258,            0.012332,           0.0098059,                   0,             0.83329,             0.76331,             0.83955,             0.70044,            0.033189,            0.018823,                   0,            0.001519,            0.001519,            0.001519
                 259,            0.013004,           0.0097028,                   0,             0.83251,             0.76469,             0.83488,             0.69672,            0.033085,            0.018994,                   0,            0.001486,            0.001486,            0.001486
                 260,            0.012381,            0.009747,                   0,             0.81977,             0.75361,              0.8262,             0.70331,            0.033042,             0.01884,                   0,            0.001453,            0.001453,            0.001453
                 261,             0.01266,           0.0095905,                   0,             0.84265,             0.76923,             0.82769,               0.697,            0.033311,            0.018528,                   0,             0.00142,             0.00142,             0.00142
                 262,            0.013195,           0.0096779,                   0,             0.83272,             0.76923,             0.83444,              0.7033,            0.033262,             0.01873,                   0,            0.001387,            0.001387,            0.001387
                 263,            0.011649,           0.0091622,                   0,             0.83292,             0.76331,             0.82886,              0.7034,            0.032801,            0.018708,                   0,            0.001354,            0.001354,            0.001354
                 264,            0.012991,           0.0089459,                   0,             0.83615,             0.75492,             0.83381,             0.69862,            0.032676,            0.019026,                   0,            0.001321,            0.001321,            0.001321
                 265,            0.011697,           0.0093085,                   0,             0.84271,             0.74556,             0.83508,             0.70082,            0.032981,            0.019395,                   0,            0.001288,            0.001288,            0.001288
                 266,            0.012606,            0.010302,                   0,             0.83923,             0.75148,             0.83395,              0.6977,            0.033061,            0.019625,                   0,            0.001255,            0.001255,            0.001255
                 267,            0.012276,           0.0096356,                   0,             0.84675,             0.76923,             0.83821,             0.70459,            0.033194,            0.019239,                   0,            0.001222,            0.001222,            0.001222
                 268,            0.012142,           0.0090801,                   0,             0.84139,             0.76923,             0.84484,             0.71324,            0.033044,            0.018928,                   0,            0.001189,            0.001189,            0.001189
                 269,            0.013046,           0.0092528,                   0,             0.83956,              0.7741,             0.84224,             0.70263,            0.032967,             0.01883,                   0,            0.001156,            0.001156,            0.001156
                 270,            0.011757,           0.0091163,                   0,             0.85021,             0.77251,              0.8439,             0.70795,            0.033244,            0.018844,                   0,            0.001123,            0.001123,            0.001123
                 271,            0.012014,           0.0086924,                   0,             0.84355,              0.7574,             0.84869,             0.71358,            0.033409,            0.018775,                   0,             0.00109,             0.00109,             0.00109
                 272,            0.012219,           0.0089202,                   0,              0.8482,             0.76043,             0.84319,             0.70391,            0.033632,            0.019442,                   0,            0.001057,            0.001057,            0.001057
                 273,            0.012038,           0.0099637,                   0,             0.84936,             0.76735,             0.84573,             0.70695,            0.033157,            0.019532,                   0,            0.001024,            0.001024,            0.001024
                 274,            0.012176,           0.0098696,                   0,             0.83833,              0.7671,             0.84778,             0.71405,            0.032913,            0.019566,                   0,            0.000991,            0.000991,            0.000991
                 275,            0.012337,            0.009173,                   0,             0.83645,              0.7868,             0.84761,             0.71607,            0.033054,            0.019396,                   0,            0.000958,            0.000958,            0.000958
                 276,             0.01224,           0.0088831,                   0,             0.84385,             0.76746,             0.85522,             0.72702,            0.033268,            0.018867,                   0,            0.000925,            0.000925,            0.000925
                 277,            0.011685,           0.0094108,                   0,             0.83515,             0.77942,              0.8548,             0.72558,            0.032492,            0.018873,                   0,            0.000892,            0.000892,            0.000892
                 278,            0.011819,            0.009198,                   0,             0.84707,             0.78698,             0.85452,             0.72384,             0.03239,             0.01883,                   0,            0.000859,            0.000859,            0.000859
                 279,            0.011862,           0.0096949,                   0,             0.83887,             0.78107,             0.84828,             0.71542,            0.032065,              0.0188,                   0,            0.000826,            0.000826,            0.000826
                 280,            0.011929,            0.010202,                   0,             0.84264,             0.76048,             0.85561,             0.72575,            0.032511,            0.018656,                   0,            0.000793,            0.000793,            0.000793
                 281,            0.012305,           0.0094385,                   0,             0.83483,             0.77515,             0.85402,             0.72432,            0.032107,            0.018589,                   0,             0.00076,             0.00076,             0.00076
                 282,            0.011862,           0.0092801,                   0,             0.84034,             0.77515,             0.85189,             0.72297,            0.032448,            0.018223,                   0,            0.000727,            0.000727,            0.000727
                 283,            0.012004,           0.0090419,                   0,              0.8536,             0.75899,             0.86002,             0.72857,            0.032889,            0.018433,                   0,            0.000694,            0.000694,            0.000694
                 284,            0.012513,           0.0095766,                   0,             0.84394,             0.77515,             0.85523,             0.72017,            0.032489,            0.018744,                   0,            0.000661,            0.000661,            0.000661
                 285,             0.01133,           0.0088934,                   0,             0.84753,             0.75652,             0.84853,             0.71393,            0.032548,            0.018974,                   0,            0.000628,            0.000628,            0.000628
                 286,            0.011665,           0.0092799,                   0,             0.84686,             0.75262,             0.85201,             0.71683,            0.032586,             0.01906,                   0,            0.000595,            0.000595,            0.000595
                 287,            0.011556,           0.0090464,                   0,             0.84782,             0.75821,             0.85222,              0.7172,            0.032373,            0.019166,                   0,            0.000562,            0.000562,            0.000562
                 288,            0.011297,           0.0093977,                   0,             0.84628,             0.76331,             0.85601,             0.72133,            0.032361,            0.019076,                   0,            0.000529,            0.000529,            0.000529
                 289,            0.011411,           0.0087006,                   0,             0.84856,             0.76257,             0.85396,             0.72592,            0.032272,            0.019054,                   0,            0.000496,            0.000496,            0.000496
                 290,            0.010778,           0.0087624,                   0,             0.84748,             0.75624,             0.85514,             0.72155,            0.032314,            0.019112,                   0,            0.000463,            0.000463,            0.000463
                 291,            0.011745,           0.0088731,                   0,             0.84243,             0.75148,              0.8525,             0.71995,            0.032634,            0.019201,                   0,             0.00043,             0.00043,             0.00043
                 292,            0.011284,           0.0085523,                   0,             0.84373,             0.76678,             0.85008,             0.71523,            0.032733,            0.019216,                   0,            0.000397,            0.000397,            0.000397
                 293,            0.011334,           0.0085575,                   0,             0.84268,             0.76068,             0.85115,             0.71875,             0.03272,            0.019318,                   0,            0.000364,            0.000364,            0.000364
                 294,            0.010683,           0.0093458,                   0,             0.84073,              0.7574,             0.85223,             0.72334,            0.032608,            0.019305,                   0,            0.000331,            0.000331,            0.000331
                 295,            0.011211,           0.0088639,                   0,             0.83917,              0.7574,              0.8516,             0.72041,            0.032517,            0.019295,                   0,            0.000298,            0.000298,            0.000298
                 296,            0.011784,           0.0089933,                   0,             0.83694,              0.7593,             0.85251,             0.72031,            0.032369,            0.019302,                   0,            0.000265,            0.000265,            0.000265
                 297,            0.011088,           0.0087334,                   0,             0.84666,             0.75142,             0.85228,             0.72308,            0.032352,            0.019171,                   0,            0.000232,            0.000232,            0.000232
                 298,            0.010756,           0.0088486,                   0,             0.84347,             0.75148,             0.85324,             0.72169,             0.03237,            0.019318,                   0,            0.000199,            0.000199,            0.000199
                 299,            0.011378,           0.0086632,                   0,             0.84353,             0.75148,             0.85254,             0.71624,            0.032369,            0.019377,                   0,            0.000166,            0.000166,            0.000166
